"Insurer","Brand","Product","Plan","Product Type","Geographic Scope","Max Age","Overseas Medical","Cancellation","Luggage","Luggage Single Item","Rental Vehicle Excess","Personal Liability","Accidental Death / Disability","Travel Delay","Travel Delay Min Hours","Excess Options","COVID Cover","Cruise Cover","Winter Sports Cover","Natural Disaster Cover","Pre-existing Conditions","Provider Insolvency","Source File"
allianz,Allianz,Allianz Travel Insurance Basic Plan,Basic,international_single_trip,Destinations/countries/regions selected on the Certificate of Insurance; cover only applies within the listed destination(s)/region(s).,74,"$20,000,000",,,,,"$2,500,000",,,,Base excess applies per event; you may vary the base excess at purchase (COI shows amount).,true,excluded,excluded,included,not_available,Excluded / not covered (financial collapse/insolvency),f916d035a318156a853561a59f2e40d54d64d411859a025df747c17511be850c_allianz-travel-insurance-product-disclosure-statement.pdf
allianz,Allianz,Allianz Travel Insurance Comprehensive Plan,Comprehensive,international_single_trip,Destinations/countries/regions selected on the Certificate of Insurance; cover only applies within the listed destination(s)/region(s). Transit/stop-over <24 hours does not need to be listed.,,"$20,000,000",As selected (default included unless changed),"$10,000","$750 general; $3,000 computers/tablets/cameras/video cameras; $1,000 mobile phones; items left in a concealed locked vehicle by day $200 per item, $2,000 total","$6,000","$5,000,000","$50,000 (death or permanent disability per person; Family $50,000 per person/$100,000 per policy)","$3,000 ($300 after initial 6‑hour delay, then again each consecutive 24 hours)",6,A base excess applies per event; amount shown on Certificate of Insurance. You may vary the base excess at purchase (pay more for lower excess or reduce premium for higher excess). Additional non‑removable $500 excess applies to claims under 1.2 Medical and 2.1 Cancellation arising from Adventure Pack or Snow Pack activities.,true,optional_add_on,optional_add_on,included,covered_if_screened_and_approved,Excluded / not covered (financial collapse/insolvency),f916d035a318156a853561a59f2e40d54d64d411859a025df747c17511be850c_allianz-travel-insurance-product-disclosure-statement.pdf
allianz,Allianz,Allianz Travel Insurance Domestic Plan,Domestic,domestic,Australia only (as selected/issued on the Certificate of Insurance).,,,As selected (default included unless changed),"$10,000","$750 general; $3,000 computers/tablets/cameras/video cameras; $1,000 mobile phones; items left in a concealed locked vehicle by day $200 per item, $2,000 total","$6,000","$5,000,000","$50,000 (death)","$3,000 ($300 after initial 6‑hour delay, then again each 24 hours)",6,Base excess applies per event (shown on COI). Option to vary base excess at purchase. Additional non‑removable $500 excess applies to 2.1 Cancellation if the claim arises from Snow Pack or Adventure Pack activities.,true,optional_add_on,optional_add_on,included,covered_if_screened_and_approved,Excluded / not covered (financial collapse/insolvency),f916d035a318156a853561a59f2e40d54d64d411859a025df747c17511be850c_allianz-travel-insurance-product-disclosure-statement.pdf
allianz,Allianz,Allianz Travel Insurance Multi-Trip Plan,Multi-Trip (Annual),international_multi_trip,Multiple journeys worldwide (and within Australia) during the 12‑month policy; destinations/regions selected on the Certificate of Insurance; domestic‑only journeys must be ≥250 km from home.,74,"$20,000,000",As selected (default included unless changed),"$10,000 (per person, reinstated each journey)","$750 general; $3,000 computers/tablets/cameras/video cameras; $1,000 mobile phones; items left in a concealed locked vehicle by day $200 per item, $2,000 total","$6,000","$5,000,000 (aggregate per policy period)","$50,000 (per person)","$3,000 ($300 after initial 6‑hour delay, then again each 24 hours)",6,Base excess applies per event and can be varied at purchase; additional non‑removable $500 excess applies to 1.2 Medical and 2.1 Cancellation when arising from Adventure Pack or Snow Pack activities.,true,optional_add_on,optional_add_on,included,covered_if_screened_and_approved,Excluded / not covered (financial collapse/insolvency),f916d035a318156a853561a59f2e40d54d64d411859a025df747c17511be850c_allianz-travel-insurance-product-disclosure-statement.pdf
allianz,Allianz,Allianz Travel Insurance Non-Medical Plan,Non-Medical,international_single_trip,Destinations/countries/regions selected on the Certificate of Insurance; no cover under medical/assistance/funeral/hospital cash benefits.,,,As selected (per policy),"$10,000","$750 general; $3,000 computers/tablets/cameras/video cameras; $1,000 mobile phones; items left in a concealed locked vehicle by day $200 per item, $2,000 total","$6,000","$5,000,000","$50,000 (death or permanent disability)","$3,000 ($300 after initial 6‑hour delay, then again each 24 hours)",6,Base excess applies per event; you may vary the base excess at purchase (COI shows amount).,true,excluded,excluded,included,not_available,Excluded / not covered (financial collapse/insolvency),f916d035a318156a853561a59f2e40d54d64d411859a025df747c17511be850c_allianz-travel-insurance-product-disclosure-statement.pdf
budget_direct,Budget Direct,Budget Direct Domestic – Annual Multi-Trip,Domestic,domestic,Australia (including destination selection Domestic Cruising as applicable),,$Nil,"$5,000 (or cover chosen per policy)","$5,000","$1,000 per any other item; category limits apply","$10,000","$2,500,000","Disability $25,000; Accidental Death $25,000; maximum liability collectively for Sections 14, 15, 16 is $25,000","$1,000",6,Excess applies per PDS to specified sections; amount shown on Certificate of Insurance.,true,not_applicable,optional_add_on,included,some_conditions_automatically_included,Not covered (Insolvency excluded),PDS_BDB_BDC.pdf
budget_direct,Budget Direct,Budget Direct Domestic – Single Trip,Domestic,domestic,Australia (including Domestic Cruising destination selection for cruises between Australian ports with no overseas port stop),,$Nil,"$5,000 (or cover chosen per policy)","$5,000","$1,000 per any other item; category limits apply","$10,000 (Rental Vehicle Insurance Excess)","$2,500,000","Disability $25,000; Accidental Death $25,000; maximum liability collectively for Sections 14, 15, 16 is $25,000","$1,000",6,Excess applies per PDS to specified sections; amount shown on Certificate of Insurance.,true,not_applicable,optional_add_on,included,some_conditions_automatically_included,Not covered (Insolvency excluded),PDS_BDB_BDC.pdf
budget_direct,Budget Direct,Budget Direct International Basic – Annual Multi-Trip,Basic,international_multi_trip,International – worldwide or selected region/country based on destination selection (Areas of travel rules apply),,$Unlimited,$Nil,"$2,000",$750 per any other item; category limits apply,$Nil,"$1,000,000",Not covered (Sections 15–16 Nil),$Nil,6,Selectable excess on international plans; applies per event to specified sections.,true,optional_add_on,optional_add_on,included,some_conditions_automatically_included,Not covered (Insolvency excluded),PDS_BDB_BDC.pdf
budget_direct,Budget Direct,Budget Direct International Basic – Single Trip,Basic,international_single_trip,International – worldwide or selected region/country based on destination selection (Areas of travel rules apply),,$Unlimited,$Nil,"$2,000",$750 per any other item; category limits apply,$Nil,"$1,000,000",No disability or accidental death cover on Basic,$Nil,6,Selectable excess on international plans; applies per event to specified sections.,true,optional_add_on,optional_add_on,included,some_conditions_automatically_included,Not covered (Insolvency excluded),PDS_BDB_BDC.pdf
budget_direct,Budget Direct,Budget Direct International Comprehensive – Annual Multi-Trip,Comprehensive,international_multi_trip,International – worldwide or selected region/country based on destination selection (Areas of travel rules apply),,$Unlimited,"$10,000 (or cover chosen per policy)","$10,000","$1,000 per any other item; category limits apply","$10,000","$5,000,000","Disability $30,000; Accidental Death $30,000; maximum liability collectively for Sections 14, 15, 16 is $45,000","$2,000",6,International plans allow a selectable excess; amount shown on Certificate of Insurance. Excess applies per event to specified sections; additional/higher excess may apply.,true,optional_add_on,optional_add_on,included,some_conditions_automatically_included,Not covered (Insolvency excluded),PDS_BDB_BDC.pdf
budget_direct,Budget Direct,Budget Direct International Comprehensive – Single Trip,Comprehensive,international_single_trip,International – worldwide or selected region/country based on destination selection (Areas of travel rules apply),,$Unlimited,"$10,000 (or cover chosen per policy)","$10,000","$1,000 per any other item; category limits apply","$10,000","$5,000,000","Disability $30,000; Accidental Death $30,000; maximum liability collectively for Sections 14, 15, 16 is $45,000","$2,000",6,International plans allow a selectable excess; amount shown on Certificate of Insurance. Excess applies per event to specified sections; additional/higher excess may apply in some circumstances.,true,optional_add_on,optional_add_on,included,some_conditions_automatically_included,Not covered (Insolvency excluded),PDS_BDB_BDC.pdf
budget_direct,Budget Direct,Budget Direct International Essential – Annual Multi-Trip,Essential,international_multi_trip,International – worldwide or selected region/country based on destination selection (Areas of travel rules apply),,$Unlimited,"$5,000 (or cover chosen per policy)","$5,000","$1,000 per any other item; category limits apply","$4,000","$2,500,000","Disability $20,000; Accidental Death $20,000; maximum liability collectively for Sections 14, 15, 16 is $25,000","$1,000",6,Selectable excess on international plans.,true,optional_add_on,optional_add_on,included,some_conditions_automatically_included,Not covered (Insolvency excluded),PDS_BDB_BDC.pdf
budget_direct,Budget Direct,Budget Direct International Essential – Single Trip,Essential,international_single_trip,International – worldwide or selected region/country based on destination selection (Areas of travel rules apply),,$Unlimited,"$5,000 (or cover chosen per policy)","$5,000","$1,000 per any other item; category limits apply","$4,000","$2,500,000","Disability $20,000; Accidental Death $20,000; maximum liability collectively for Sections 14, 15, 16 is $25,000","$1,000",6,Selectable excess on international plans; applies per event to specified sections.,true,optional_add_on,optional_add_on,included,some_conditions_automatically_included,Not covered (Insolvency excluded),PDS_BDB_BDC.pdf
commbank,Commonwealth Bank,CommBank Travel Insurance Domestic (Annual Multi-Trip),Domestic,domestic,Australia only.,,$0,"$10,000","$3,000",Up to $300 per item/pair/set,"$4,000∞ (optional increase available)","$200,000","$10,000 combined for Sections 18 & 19",$750,6,$50 standard excess per event (shown on COI).,false,not_applicable,optional_add_on,included,some_conditions_automatically_included,Excluded,travel-insurance-pds-fsg.pdf
commbank,Commonwealth Bank,CommBank Travel Insurance Domestic (Single Trip),Domestic,domestic,Australia only (including domestic trips; separate 'Domestic Cruising' destination selection where relevant).,,$0 (no domestic medical cover),"$10,000","$3,000",Up to $300 per item/pair/set,"$4,000∞ (optional increase available)","$200,000","$10,000 combined for Sections 18 & 19",$750,6,An excess of $50 currently applies to the Domestic Plan (shown on COI).,false,not_applicable,optional_add_on,included,some_conditions_automatically_included,Excluded,travel-insurance-pds-fsg.pdf
commbank,Commonwealth Bank,CommBank Travel Insurance Inbound (Single Trip),Inbound,inbound,Travel to and within Australia (non‑Australian residents).,69,"$10,000,000 (overseas medical incurred outside Australia) ~",Cover chosen (per policy)^,"$3,000",Up to $200 per item/pair/set,$0 (not included; can be purchased separately) ∞,"$1,000,000","$10,000 (Sections 18 & 19 each up to $10,000; combined caps apply)","$2,000",6,International policies: chosen excess; shown on COI. One excess per event.,false,optional_add_on,optional_add_on,included,some_conditions_automatically_included,Excluded,travel-insurance-pds-fsg.pdf
commbank,Commonwealth Bank,CommBank Travel Insurance International Cancellation Only (Single Trip),Cancellation Only,international_single_trip,International – destinations selected by country/region.,,$0,Cover chosen (per person)^,$0,,$0,$0,$0,$0,,An excess applies to the Non‑Medical Plan ($250). International plans have chosen excess; shown on COI. See page 13.,false,excluded,excluded,not_applicable,some_conditions_automatically_included,Excluded,travel-insurance-pds-fsg.pdf
commbank,Commonwealth Bank,CommBank Travel Insurance International Comprehensive (Annual Multi-Trip),Comprehensive,international_multi_trip,International – destinations selected by country/region (Worldwide option available).,,Unlimited (medical and dental) ~,Cover chosen (per policy)^,"$10,000",Up to $500 per item/pair/set (before any specified increases),"$6,000 (optional increase available) ∞","$2,500,000","$25,000 combined for Sections 18 & 19 (see sub‑limits and combined cap with Section 17).","$2,000",6,International policies: choose your excess; shown on Certificate of Insurance. One excess per event. See page 13 and Policy condition 1.,false,optional_add_on,optional_add_on,included,some_conditions_automatically_included,Excluded,travel-insurance-pds-fsg.pdf
commbank,Commonwealth Bank,CommBank Travel Insurance International Comprehensive (Single Trip),Comprehensive,international_single_trip,International – destinations selected by country/region (Worldwide option available).,,Unlimited (medical and dental) ~,Cover chosen (per policy)^,"$10,000",Up to $500 per item/pair/set (before any specified increases),"$6,000 (optional increase available) ∞","$2,500,000","$25,000 combined for Sections 18 & 19 (see sub‑limits and combined cap with Section 17).","$2,000",6,International policies: choose your excess; shown on Certificate of Insurance. One excess per event. See page 13 and Policy condition 1.,false,optional_add_on,optional_add_on,included,some_conditions_automatically_included,Excluded (no cover for insolvency of providers).,travel-insurance-pds-fsg.pdf
commbank,Commonwealth Bank,CommBank Travel Insurance International Essentials (Single Trip),Essentials,international_single_trip,International – destinations selected by country/region.,,Unlimited (medical and dental) ~,Cover chosen (per person)^,"$5,000",Up to $300 per item/pair/set (before any specified increases),$0,"$1,500,000",$0,$0,6,International policies: choose your excess; shown on Certificate of Insurance.,false,optional_add_on,optional_add_on,included,some_conditions_automatically_included,Excluded,travel-insurance-pds-fsg.pdf
commbank,Commonwealth Bank,CommBank Travel Insurance International Medical Only (Single Trip),Medical Only,international_single_trip,International – destinations selected by country/region.,,Unlimited (medical and dental) ~,$0 (no cancellation cover),$0,,$0 (not included),"$2,500,000",$0,$0,6,International policies: choose your excess; shown on Certificate.,false,optional_add_on,optional_add_on,included,some_conditions_automatically_included,Excluded,travel-insurance-pds-fsg.pdf
commbank,Commonwealth Bank,CommBank Travel Insurance International Non‑Medical (Single Trip),Non‑Medical,international_single_trip,International – destinations selected by country/region.,,$0 (no medical cover),Cover chosen (per policy)^,"$10,000",Up to $500 per item/pair/set,"$6,000∞","$2,500,000","$25,000 combined for Sections 18 & 19","$2,000",6,An excess of $250 currently applies to the Non‑Medical Plan (shown on COI). One excess per event.,false,included,excluded,conditionally_included,some_conditions_automatically_included,Excluded,travel-insurance-pds-fsg.pdf
cover_more,Cover-More,Cover-More Business Travel Insurance,Business,business,Worldwide or selected regions (areas selected at quote). Domestic travel also covered where destination is >250 km from Home or includes at least one paid night of accommodation.,74,Unlimited (cover will not exceed 12 months from onset),Unlimited,"$25,000","$1,500 per any other item/pair/set (after depreciation)","$10,000","$5,000,000","$30,000 Accidental Death / $30,000 Disability (combined cap $45,000 with Loss of Income)","$2,000 (up to $300 after initial 6 hours; $300 per further 24 hours)",6,International travel excess is selectable; excess amount shown on Certificate of Insurance. One excess per event. Additional/higher excess may apply in certain circumstances.,true,included,optional_add_on,included,some_conditions_automatically_included,Not covered (general exclusion),"21d57b70e6fe14b4f692d967a45f8de762234045c45e00c99c852e9ad6bd82ad_view-the-business-pds.pdf"
cover_more,Cover-More,Cover-More Corporate Essentials,Corporate Essentials,business,"Worldwide cover for business journeys (international, interstate and intrastate) more than 100 km from home or business; subject to sanctions and Smartraveller ‘Do not travel’ exclusions noted in the PDS.",,"$10,000,000 (cover will not exceed 18 months from onset)","$10,000","$7,500","$1,000 per any other item (higher category limits apply; see sub-limits)","$4,000","$1,000,000",$Nil (Sections 14–16 not payable on Essentials; see benefit table),"$1,000 (includes up to $200 after 6 hours and $200 each further 24 hours)",6,"Standard excess: $60 per event on Sections 1, 4, 6, 7, 8, 9, 10 and Section 39 where relevant. Age 75+ excess: $5,000 per claim for Sections 1 and 4. Additional excesses may apply for approved existing medical condition cover and will be advised in writing.",true,included,included,included,some_conditions_automatically_included,Excluded / not covered (general exclusion for insolvency),"6b50244d50fd02007a85b29e15fabb558ebfbec2733ee583bc13bf59e138ead6_corporate-pds.pdf"
cover_more,Cover-More,Cover-More Corporate Essentials Plus,Corporate Essentials Plus,business,"Worldwide cover for business journeys (international, interstate and intrastate) more than 100 km from home or business; subject to sanctions and Smartraveller ‘Do not travel’ exclusions noted in the PDS.",,Unlimited (cover will not exceed 18 months from onset),Unlimited,"$15,000","$1,000 per any other item (higher category limits apply; see sub-limits)","$8,000","$5,000,000","Cumulative limit for Sections 14–16: $50,000","$2,000 (includes up to $200 after 6 hours and $200 each further 24 hours)",6,"Standard excess: $60 per event on Sections 1, 4, 6, 7, 8, 9, 10 and Section 39 where relevant. Age 75+ excess: $5,000 per claim for Sections 1 and 4. Additional excesses may apply for approved existing medical condition cover and will be advised in writing.",true,included,included,included,some_conditions_automatically_included,Excluded / not covered (general exclusion for insolvency),"6b50244d50fd02007a85b29e15fabb558ebfbec2733ee583bc13bf59e138ead6_corporate-pds.pdf"
cover_more,Cover-More,Cover-More Corporate Ultimate,Corporate Ultimate,business,"Worldwide cover for business journeys (international, interstate and intrastate) more than 100 km from home or business; subject to sanctions and Smartraveller ‘Do not travel’ exclusions noted in the PDS.",,Unlimited (cover will not exceed 18 months from onset),Unlimited,"$20,000","$1,000 per any other item (higher category limits apply; see sub-limits)","$10,000","$5,000,000","Cumulative limit for Sections 14–16: $100,000",Unlimited (includes up to $200 after 6 hours and $200 each further 24 hours),6,"Standard excess: $60 per event on Sections 1, 4, 6, 7, 8, 9, 10 and Section 39 where relevant (policy wording). Benefits table indicates several sections with ‘No’ excess for this tier (e.g., assistance, evacuation, Sections 2, 3, 6, 11–19) – see table evidence.",true,included,included,included,some_conditions_automatically_included,Excluded / not covered (general exclusion for insolvency),"6b50244d50fd02007a85b29e15fabb558ebfbec2733ee583bc13bf59e138ead6_corporate-pds.pdf"
cover_more,Cover-More,Cover-More Corporate Ultimate Plus,Corporate Ultimate Plus,business,"Worldwide cover for business journeys (international, interstate and intrastate) more than 100 km from home or business; subject to sanctions and Smartraveller ‘Do not travel’ exclusions noted in the PDS.",,Unlimited (cover will not exceed 18 months from onset),Unlimited,"$40,000","$1,000 per any other item (higher category limits apply; see sub-limits)","$12,000","$5,000,000","Cumulative limit for Sections 14–16: $250,000",Unlimited (includes up to $200 after 6 hours and $200 each further 24 hours),6,"Standard excess: $60 per event on Sections 1, 4, 6, 7, 8, 9, 10 and Section 39 where relevant (policy wording). Benefits table indicates several sections with ‘No’ excess for this tier (e.g., assistance, evacuation, Sections 2, 3, 6, 11–19) – see table evidence.",true,included,included,included,some_conditions_automatically_included,Excluded / not covered (general exclusion for insolvency),"6b50244d50fd02007a85b29e15fabb558ebfbec2733ee583bc13bf59e138ead6_corporate-pds.pdf"
cover_more,Cover-More,Cover-More Domestic Basic (Single Trip),Basic,domestic,"Australia only (no medical benefits). For domestic cruising that leaves Australian coastal waters, an International plan with Domestic Cruising selection is required.",,,Cover Chosen (per policy),No cover,,No cover,"$1,000,000",No cover for Accidental Death/Disability on Domestic Basic,,,Domestic plans: excess shown on Certificate of Insurance; special COVID-19 excess applies to certain sections.,true,not_applicable,optional_add_on,included,some_conditions_automatically_included,No cover,"6a76ab3cd692d154389f9f5f6938cec3e7aa62ecd9add172747afc22c658da83_cover-more-pds.pdf"
cover_more,Cover-More,Cover-More Domestic Comprehensive (Annual Multi-Trip),Comprehensive,domestic,Australia only (no medical benefits). Each Journey under Annual Multi-Trip must be >250 km from Home or include at least one night paid accommodation.,,,Cover Chosen (per policy),"$5,000","General any other item limit $1,200 per item/pair/set; category item limits apply (see table).","$5,000","$2,500,000","Accidental Death $25,000; Disability $25,000 (aggregate cap with Loss of Income applies)","$1,000",6,Domestic plans: excess shown on Certificate of Insurance; special COVID-19 excess applies to certain sections.,true,not_applicable,optional_add_on,included,some_conditions_automatically_included,"$5,000","6a76ab3cd692d154389f9f5f6938cec3e7aa62ecd9add172747afc22c658da83_cover-more-pds.pdf"
cover_more,Cover-More,Cover-More Domestic Comprehensive (Single Trip),Comprehensive,domestic,"Australia only (no medical benefits). For domestic cruising that leaves Australian coastal waters, an International plan with Domestic Cruising selection is required.",,,Cover Chosen (per policy),"$5,000","General any other item limit $1,200 per item/pair/set; category item limits apply (see table).","$5,000","$2,500,000","Accidental Death $25,000; Disability $25,000 (aggregate cap with Loss of Income applies)","$1,000",6,Domestic plans: excess shown on Certificate of Insurance; special COVID-19 excess applies to certain sections.,true,not_applicable,optional_add_on,included,some_conditions_automatically_included,"$5,000","6a76ab3cd692d154389f9f5f6938cec3e7aa62ecd9add172747afc22c658da83_cover-more-pds.pdf"
cover_more,Cover-More,Cover-More Domestic Comprehensive+ (Annual Multi-Trip),Comprehensive+,domestic,Australia only (no medical benefits). Each Journey under Annual Multi-Trip must be >250 km from Home or include at least one night paid accommodation.,,,Cover Chosen (per policy),"$15,000","General any other item limit $1,500 per item/pair/set; category item limits apply (see table).","$10,000","$5,000,000","Accidental Death $30,000; Disability $30,000 (aggregate cap with Loss of Income applies)","$1,000",6,Domestic plans: excess shown on Certificate of Insurance; special COVID-19 excess applies to certain sections.,true,not_applicable,optional_add_on,included,some_conditions_automatically_included,"$10,000","6a76ab3cd692d154389f9f5f6938cec3e7aa62ecd9add172747afc22c658da83_cover-more-pds.pdf"
cover_more,Cover-More,Cover-More Domestic Comprehensive+ (Single Trip),Comprehensive+,domestic,"Australia only (no medical benefits). For domestic cruising that leaves Australian coastal waters, an International plan with Domestic Cruising selection is required.",,,Cover Chosen (per policy),"$15,000","General any other item limit $1,500 per item/pair/set; category item limits apply (see table).","$10,000","$5,000,000","Accidental Death $30,000; Disability $30,000 (aggregate cap with Loss of Income applies)","$1,000",6,Domestic plans: excess shown on Certificate of Insurance; special COVID-19 excess applies to certain sections.,true,not_applicable,optional_add_on,included,some_conditions_automatically_included,"$10,000","6a76ab3cd692d154389f9f5f6938cec3e7aa62ecd9add172747afc22c658da83_cover-more-pds.pdf"
cover_more,Cover-More,Cover-More Inbound Plan (Single Trip),Inbound,inbound,Non-Australian residents travelling to and within Australia (Inbound).,,"Unlimited (overseas); $1,000,000 in Australia~",Cover Chosen (per policy),"$15,000","General any other item limit $1,200 per item/pair/set; category item limits apply (see table).","$5,000","$2,500,000","Accidental Death $25,000; Disability $25,000 (aggregate cap with Loss of Income applies)","$2,000",6,Excess shown on Certificate of Insurance; special COVID-19 excess applies to certain sections.,true,optional_add_on,optional_add_on,included,some_conditions_automatically_included,"$5,000","6a76ab3cd692d154389f9f5f6938cec3e7aa62ecd9add172747afc22c658da83_cover-more-pds.pdf"
cover_more,Cover-More,Cover-More International Basic (Single Trip),Basic,international_single_trip,"International travel to selected countries/regions or worldwide per destination selection (see Policy inclusions and choices, Areas of travel).",,Unlimited~,Cover Chosen (per policy),"$5,000","General any other item limit $1,000 per item/pair/set; category item limits apply (see table).",No cover,"$1,000,000",No cover for Accidental Death/Disability on Basic,,,International plans: choose your excess; special COVID-19 excess applies in addition to any other excess.,true,optional_add_on,optional_add_on,included,some_conditions_automatically_included,No cover,"6a76ab3cd692d154389f9f5f6938cec3e7aa62ecd9add172747afc22c658da83_cover-more-pds.pdf"
cover_more,Cover-More,Cover-More International Comprehensive (Annual Multi-Trip),Comprehensive,international_multi_trip,International travel to selected countries/regions or worldwide per destination selection. Annual Multi-Trip: each Journey must be >250 km from Home or include at least one night of paid accommodation.,,Unlimited~,Cover Chosen (per policy),"$15,000","General any other item limit $1,200 per item/pair/set; category item limits apply (see table).","$5,000","$2,500,000","Accidental Death $25,000; Disability $25,000 (aggregate cap with Loss of Income applies)","$2,000",6,International plans: choose your excess; special COVID-19 excess applies in addition to any other excess.,true,optional_add_on,optional_add_on,included,some_conditions_automatically_included,"$5,000","6a76ab3cd692d154389f9f5f6938cec3e7aa62ecd9add172747afc22c658da83_cover-more-pds.pdf"
cover_more,Cover-More,Cover-More International Comprehensive (Single Trip),Comprehensive,international_single_trip,"International travel to selected countries/regions or worldwide per destination selection (see Policy inclusions and choices, Areas of travel).",,Unlimited~,Cover Chosen (per policy),"$15,000","General any other item limit $1,200 per item/pair/set; category item limits apply (see table).","$5,000","$2,500,000","Accidental Death $25,000; Disability $25,000 (aggregate cap with Loss of Income applies)","$2,000",6,International plans: choose your excess; special COVID-19 excess applies in addition to any other excess.,true,optional_add_on,optional_add_on,included,some_conditions_automatically_included,"$5,000","6a76ab3cd692d154389f9f5f6938cec3e7aa62ecd9add172747afc22c658da83_cover-more-pds.pdf"
cover_more,Cover-More,Cover-More International Comprehensive+ (Annual Multi-Trip),Comprehensive+,international_multi_trip,International travel to selected countries/regions or worldwide per destination selection. Annual Multi-Trip: each Journey must be >250 km from Home or include at least one night of paid accommodation.,,Unlimited~,Cover Chosen (per policy),"$25,000","General any other item limit $1,500 per item/pair/set; category item limits apply (see table).","$10,000","$5,000,000","Accidental Death $30,000; Disability $30,000 (aggregate cap with Loss of Income applies)","$3,000",6,International plans: choose your excess; special COVID-19 excess applies in addition to any other excess.,true,optional_add_on,optional_add_on,included,some_conditions_automatically_included,"$10,000","6a76ab3cd692d154389f9f5f6938cec3e7aa62ecd9add172747afc22c658da83_cover-more-pds.pdf"
cover_more,Cover-More,Cover-More International Comprehensive+ (Single Trip),Comprehensive+,international_single_trip,"International travel to selected countries/regions or worldwide per destination selection (see Policy inclusions and choices, Areas of travel).",,Unlimited~,Cover Chosen (per policy),"$25,000","General any other item limit $1,500 per item/pair/set; category item limits apply (see table).","$10,000","$5,000,000","Accidental Death $30,000; Disability $30,000 (aggregate cap with Loss of Income applies)","$3,000",6,International plans: choose your excess; special COVID-19 excess applies in addition to any other excess.,true,optional_add_on,optional_add_on,included,some_conditions_automatically_included,"$10,000","6a76ab3cd692d154389f9f5f6938cec3e7aa62ecd9add172747afc22c658da83_cover-more-pds.pdf"
fast_cover,Fast Cover,Fast Cover Basics,Basics,international_single_trip,International travel to listed countries or selected regions shown on the Certificate of insurance; transit in unlisted countries covered up to 48 hours.,89,Unlimited,No cover,"Optional up to $2,000","Unspecified item sub-limits (if luggage option selected): computers/cameras $3,000; mobiles $1,500; tablets $1,000; other $750.",No cover,"$1,000,000",No cover,No cover,,Chosen excess per event for included sections; some sections $0 excess (per tables).,true,optional_add_on,separate_plan_or_tier,included,covered_if_screened_and_approved,Excluded / No cover,Fast Cover PDS -16 July 2026.pdf
fast_cover,Fast Cover,Fast Cover Comprehensive,Comprehensive,international_single_trip,"International travel to listed countries or selected regions (South Pacific, Asia, Europe, Worldwide) shown on the Certificate of insurance; transit in unlisted countries covered up to 48 hours.",89,Unlimited,Unlimited,"$15,000","Unspecified item sub-limits: computers/cameras $3,000; mobile phones/portable comms $1,500; tablets $1,000; any other unspecified item or set $750.","Optional up to $8,000","$5,000,000","Accidental Death up to $25,000 (age bands apply); Permanent Disability up to $50,000 (age bands apply).","$2,000 (up to $200 per 24 hours)",6,"Excess chosen at purchase (one excess per event). Policies bought while already overseas have a fixed $500 excess and a 48-hour no-cover period. Some sections have $0 excess (e.g., Emergency Dental, Hospital Cash, Travel Delay, Personal Accident/PD).",true,optional_add_on,separate_plan_or_tier,included,covered_if_screened_and_approved,Excluded / No cover,Fast Cover PDS -16 July 2026.pdf
fast_cover,Fast Cover,Fast Cover Domestic Plus,Domestic Plus,domestic,Australia only (destination at least 200 km from Home).,89,,Unlimited,"$7,500","Unspecified item sub-limits: computers/cameras $3,000; mobiles $1,500; tablets $1,000; other $750.","$5,000 (automatically included)","$5,000,000","Accidental Death up to $25,000 (age bands apply). Permanent Disability: No cover under Domestic Plus.","$2,000 (up to $200 per 24 hours)",6,Chosen excess per event (one excess per event). Some sections have $0 excess per tables.,true,optional_add_on,included,included,covered_if_screened_and_approved,Excluded / No cover,Fast Cover PDS -16 July 2026.pdf
fast_cover,Fast Cover,Fast Cover Frequent Traveller Saver,Frequent Traveller Saver,international_multi_trip,International multi-trip to listed countries/regions on Certificate; unlimited trips within 12 months; transit cover up to 48 hours for unlisted countries.,75,Unlimited,Unlimited,"$15,000","Unspecified item sub-limits: computers/cameras $3,000; mobiles $1,500; tablets $1,000; other $750.","Optional up to $8,000","$5,000,000","Accidental Death up to $25,000 (age bands apply); Permanent Disability up to $25,000 (age bands apply).","$2,000 (up to $200 per 24 hours)",6,"Chosen excess per policy; one excess per event; $0 excess for certain sections (Dental, Hospital Cash, Travel Delay, Personal Accident/PD).",true,included,excluded,included,covered_if_screened_and_approved,Excluded / No cover,Fast Cover PDS -16 July 2026.pdf
fast_cover,Fast Cover,Fast Cover Snow Sports Plus,Snow Sports Plus,international_single_trip,International travel to listed countries or selected regions shown on the Certificate of insurance; transit in unlisted countries covered up to 48 hours.,69,Unlimited,Unlimited,"$15,000","Unspecified item sub-limits: computers/cameras $3,000; mobiles $1,500; tablets $1,000; other $750.","Optional up to $8,000","$5,000,000","Accidental Death up to $25,000 (age bands apply); Permanent Disability up to $50,000 (age bands apply).","$2,000 (up to $200 per 24 hours)",6,"Chosen excess per event; $500 excess if purchased while already overseas; section-level $0 excess applies to some benefits (e.g., Dental, Hospital Cash, Travel Delay).",true,optional_add_on,included,included,covered_if_screened_and_approved,Excluded / No cover,Fast Cover PDS -16 July 2026.pdf
fast_cover,Fast Cover,Fast Cover Standard Saver,Standard Saver,international_single_trip,"International travel to listed countries or selected regions (South Pacific, Asia, Europe, Worldwide) shown on the Certificate of insurance; transit in unlisted countries covered up to 48 hours.",89,Unlimited,"$25,000","$5,000","Unspecified item sub-limits: computers/cameras $3,000; mobile phones $1,500; tablets $1,000; other unspecified items $750.","Optional up to $8,000","$2,500,000",No cover,,,Chosen excess per policy; one excess per event; $500 excess and 48-hour no-cover if purchased while already overseas; some sections have $0 excess (per tables).,true,optional_add_on,separate_plan_or_tier,included,covered_if_screened_and_approved,Excluded / No cover,Fast Cover PDS -16 July 2026.pdf
insureandgo,Insure&Go,Insure&Go Annual Multi-Trip Bare Essentials,Bare Essentials,international_multi_trip,International multi-trip to destinations outside Australia. Select region by destination; choose Worldwide Including if >48 hours in North or South America. No cover for DFAT ‘Do Not Travel’ destinations; Antarctica only covered if on a commercial cruise.,79,Unlimited (outside Australia),"$10,000","$5,000 (Section E1)",$500 per item/pair or set (general items),Nil,"$1,500,000",Nil,Nil (no cover under Section D),,"Excess can be varied at purchase (higher premium for lower excess or lower premium for higher excess). Your chosen excess is shown on the Insurance certificate. Excess applies per insured person, per event.",false,included,optional_add_on,optional_add_on,covered_if_screened_and_approved,Excluded (general exclusion for financial default of providers),"83d8427d34a928c987e380cecb5876107693f8cfaefa918253af775bcbd33a0f_insureandgo-annual-multi-trip-travel-insurance-product-disclosure-statement.pdf"
insureandgo,Insure&Go,Insure&Go Annual Multi-Trip Gold,Gold,international_multi_trip,International multi-trip to destinations outside Australia. Select region by destination; choose Worldwide Including if >48 hours in North or South America. No cover for DFAT ‘Do Not Travel’ destinations; Antarctica only covered if on a commercial cruise.,100,Unlimited (outside Australia),Unlimited,"$8,000 (Section E1)",$750 per item/pair or set (general items),"$4,000","$5,000,000","$50,000","Up to $100 per completed 12 hours, up to $2,000",12,"Excess can be varied at purchase (higher premium for lower excess or lower premium for higher excess). Your chosen excess is shown on the Insurance certificate. Excess applies per insured person, per event.",true,included,optional_add_on,optional_add_on,covered_if_screened_and_approved,Excluded (general exclusion for financial default of providers),"83d8427d34a928c987e380cecb5876107693f8cfaefa918253af775bcbd33a0f_insureandgo-annual-multi-trip-travel-insurance-product-disclosure-statement.pdf"
insureandgo,Insure&Go,Insure&Go Annual Multi-Trip Silver,Silver,international_multi_trip,International multi-trip to destinations outside Australia. Select region by destination; choose Worldwide Including if >48 hours in North or South America. No cover for DFAT ‘Do Not Travel’ destinations; Antarctica only covered if on a commercial cruise.,100,Unlimited (outside Australia),"$15,000","$7,500 (Section E1)",$500 per item/pair or set (general items),"$4,000","$2,500,000","$37,500","Up to $50 per completed 12 hours, up to $1,000",12,"Excess can be varied at purchase (higher premium for lower excess or lower premium for higher excess). Your chosen excess is shown on the Insurance certificate. Excess applies per insured person, per event.",true,included,optional_add_on,optional_add_on,covered_if_screened_and_approved,Excluded (general exclusion for financial default of providers),"83d8427d34a928c987e380cecb5876107693f8cfaefa918253af775bcbd33a0f_insureandgo-annual-multi-trip-travel-insurance-product-disclosure-statement.pdf"
insureandgo,Insure&Go,Insure&Go Cruise Bare Essentials,Bare Essentials,cruise,International travel outside Australia; destinations selected by country/region as nominated on the Insurance certificate; Antarctica cover limited to cruises and associated excursions. Bare Essentials not available for the Worldwide Including plan.,79,Unlimited (outside Australia),"$10,000","$5,000 (Section E1 – Personal belongings and baggage)",,Nil (Section K not included on Bare Essentials),"$1,500,000",Nil (Section F not included on Bare Essentials),Nil (Section D not included on Bare Essentials),,Excess applies per insured person per event where indicated; amount shown on Insurance certificate. Option to vary/choose your excess at purchase (higher premium for lower excess or vice versa). Some sections have no excess as shown in the benefits table.,true,included,optional_add_on,optional_add_on,covered_if_screened_and_approved,Excluded (no cover for provider financial default),abf5e61ca4f178be07c6fa900f393f03ab9de0680b996d54d19fdc3d8de10ce0_insureandgo-cruise-travel-insurance-product-disclosure-statement.pdf
insureandgo,Insure&Go,Insure&Go Cruise Gold,Gold,cruise,International travel outside Australia; destinations selected by country/region as nominated on the Insurance certificate; Antarctica cover limited to cruises and associated excursions. Bare Essentials not available for the Worldwide Including plan.,79,Unlimited (outside Australia),Unlimited,"$15,000 (Section E1 – Personal belongings and baggage)",,"$8,000","$5,000,000","$50,000","$150 per completed 12 hours up to $3,000",12,Excess applies per insured person per event where indicated; amount shown on Insurance certificate. Option to vary/choose your excess at purchase (higher premium for lower excess or vice versa). Some sections have no excess as shown in the benefits table.,true,included,optional_add_on,optional_add_on,covered_if_screened_and_approved,Excluded (no cover for provider financial default),abf5e61ca4f178be07c6fa900f393f03ab9de0680b996d54d19fdc3d8de10ce0_insureandgo-cruise-travel-insurance-product-disclosure-statement.pdf
insureandgo,Insure&Go,Insure&Go Cruise Silver,Silver,cruise,International travel outside Australia; destinations selected by country/region as nominated on the Insurance certificate; Antarctica cover limited to cruises and associated excursions. Bare Essentials not available for the Worldwide Including plan.,79,Unlimited (outside Australia),"$15,000","$7,500 (Section E1 – Personal belongings and baggage)",,"$6,000","$2,500,000","$37,500","$50 per completed 12 hours up to $1,000",12,Excess applies per insured person per event where indicated; amount shown on Insurance certificate. Option to vary/choose your excess at purchase (higher premium for lower excess or vice versa). Some sections have no excess as shown in the benefits table.,true,included,optional_add_on,optional_add_on,covered_if_screened_and_approved,Excluded (no cover for provider financial default),abf5e61ca4f178be07c6fa900f393f03ab9de0680b996d54d19fdc3d8de10ce0_insureandgo-cruise-travel-insurance-product-disclosure-statement.pdf
insureandgo,Insure&Go,Insure&Go Domestic Single Trip Bare Essentials,Bare Essentials,domestic,Domestic single trip within Australia. No cover for medical expenses within Australia.,79,Nil (no cover for medical and other expenses within Australia),"$2,000","$2,000",$500 (single article/pair or set),Nil,"$1,500,000",Nil,Not covered (Nil),,Choose your excess at purchase; excess applies per insured person per event for sections marked Yes in the table.,false,excluded,optional_add_on,optional_add_on,covered_if_screened_and_approved,Not covered (general exclusion for financial default),"659d5083b0acc6b9b18911906833da09047381c40080483e27d940feb4bfb2b3_insureandgo-single-trip-travel-insurance-product-disclosure-statement.pdf"
insureandgo,Insure&Go,Insure&Go Domestic Single Trip Gold,Gold,domestic,Domestic single trip within Australia. No cover for medical expenses within Australia.,100,Nil (no cover for medical and other expenses within Australia),"$50,000","$8,000",$750 (single article/pair or set),"$7,500 (plus Return of rental car $750 if unfit to drive)","$1,500,000","$15,000","Up to $50 per completed 12 hours, up to $1,500",12,Choose your excess at purchase; excess applies per insured person per event for sections marked Yes in the table.,true,excluded,optional_add_on,optional_add_on,covered_if_screened_and_approved,Not covered (general exclusion for financial default),"659d5083b0acc6b9b18911906833da09047381c40080483e27d940feb4bfb2b3_insureandgo-single-trip-travel-insurance-product-disclosure-statement.pdf"
insureandgo,Insure&Go,Insure&Go Domestic Single Trip Silver,Silver,domestic,Domestic single trip within Australia. No cover for medical expenses within Australia.,100,Nil (no cover for medical and other expenses within Australia),"$10,000","$5,000",$500 (single article/pair or set),"$6,000","$1,500,000","$15,000","Up to $50 per completed 12 hours, up to $500",12,Choose your excess at purchase; excess applies per insured person per event for sections marked Yes in the table.,true,excluded,optional_add_on,optional_add_on,covered_if_screened_and_approved,Not covered (general exclusion for financial default),"659d5083b0acc6b9b18911906833da09047381c40080483e27d940feb4bfb2b3_insureandgo-single-trip-travel-insurance-product-disclosure-statement.pdf"
insureandgo,Insure&Go,Insure&Go International Single Trip Bare Essentials,Bare Essentials,international_single_trip,International single trip. Select destination by main country/region; if spending >48 hours in North or South America select Worldwide Including plan. No cover for Antarctica. No cover for travel on Commercial cruise ships under this policy (separate Cruise policy required).,79,Unlimited,"$10,000","$5,000",,Nil,"$1,500,000",Nil,Not covered (Nil),,Choose your excess at purchase; excess applies per insured person per event for sections marked Yes in the table.,true,excluded,optional_add_on,optional_add_on,covered_if_screened_and_approved,Not covered (general exclusion for financial default),"659d5083b0acc6b9b18911906833da09047381c40080483e27d940feb4bfb2b3_insureandgo-single-trip-travel-insurance-product-disclosure-statement.pdf"
insureandgo,Insure&Go,Insure&Go International Single Trip Gold,Gold,international_single_trip,International single trip. Select destination by main country/region; if spending >48 hours in North or South America select Worldwide Including plan. No cover for Antarctica. No cover for travel on Commercial cruise ships under this policy (separate Cruise policy required).,100,Unlimited,Unlimited,"$15,000",,"$8,000","$5,000,000","$50,000","Up to $150 per completed 12 hours, up to $3,000",12,Choose your excess at purchase; excess applies per insured person per event for sections marked Yes in the table.,true,excluded,optional_add_on,optional_add_on,covered_if_screened_and_approved,Not covered (general exclusion for financial default),"659d5083b0acc6b9b18911906833da09047381c40080483e27d940feb4bfb2b3_insureandgo-single-trip-travel-insurance-product-disclosure-statement.pdf"
insureandgo,Insure&Go,Insure&Go International Single Trip Silver,Silver,international_single_trip,International single trip. Select destination by main country/region; if spending >48 hours in North or South America select Worldwide Including plan. No cover for Antarctica. No cover for travel on Commercial cruise ships under this policy (separate Cruise policy required).,100,Unlimited,"$15,000","$7,500",,"$6,000","$2,500,000","$37,500","Up to $50 per completed 12 hours, up to $1,000",12,Choose your excess at purchase; excess applies per insured person per event for sections marked Yes in the table.,true,excluded,optional_add_on,optional_add_on,covered_if_screened_and_approved,Not covered (general exclusion for financial default),"659d5083b0acc6b9b18911906833da09047381c40080483e27d940feb4bfb2b3_insureandgo-single-trip-travel-insurance-product-disclosure-statement.pdf"
nib,Travel Insurance Saver,Travel Insurance Saver Domestic - Australian Travel Plan,Australian Travel Plan,domestic,Australia only (domestic travel). No cover for cruises in Australian waters under this plan.,,"Nil (no medical, hospital, dental or ambulance expenses in Australia)",Chosen limit per policy (shared across all insured persons),"$4,000 (Luggage and personal effects maximum)","$500 general single item limit; $1,000 personal computer/camera/video; $1,000 smartphone","$5,000 per policy (optional additional cover available in $1,000 units up to an extra $5,000)","$300,000","$10,000 Accidental death (accompanying children sub-limit $1,000 per child)",$500 total; max $250 per 24 hours (minimum 6-hour delay),6,Standard policy excess $100 per claim unless a benefit states ‘No excess applies’. An additional excess may apply to specified medical conditions and will be shown on the Certificate of Insurance (cannot be removed).,true,excluded,optional_add_on,included,some_conditions_automatically_included,Excluded (financial default exclusion),nibau-travelinsurancesaver-domestic-screen.pdf
nib,Travel Insurance Saver,Travel Insurance Saver Domestic - Cancellation and Additional Expenses Plan,Cancellation and Additional Expenses Plan,domestic,Australia only (domestic travel).,,"Nil (no medical, hospital, dental or ambulance expenses in Australia)",Chosen limit per policy (shared across all insured persons),Nil (no luggage cover under this plan),,,,,,,Nil excess applies under this plan.,false,unknown,excluded,included,some_conditions_automatically_included,Excluded (financial default exclusion),nibau-travelinsurancesaver-domestic-screen.pdf
nib,Travel Insurance Saver,Travel Insurance Saver International - Annual Multi Trip,Annual Multi Trip Plan,international_multi_trip,Annual multi-trip: Worldwide or Worldwide excluding USA and Nepal; trips overseas or within Australia to a destination at least 200 km from home; each trip up to 45 days.,,Unlimited (expenses must be incurred within 12 months of illness/injury onset),Chosen limit (per policy),"$12,000","Personal computer/camera/video: $4,000; Smartphone: $1,000; Other individual item: $700","$5,000 per policy (optional additional units available up to $5,000 extra)","$2,500,000","Accidental death $25,000; Total permanent disability $12,500; Funeral expenses overseas $25,000; Accompanying children sub-limit $1,000 per child","$2,000 (max $250 per 24 hrs; minimum 6-hour delay)",6,Chosen excess; Variable excess option available (lower excess = higher premium). An additional excess may apply for any approved specified medical condition(s). No excess applies to certain listed benefits.,true,included,optional_add_on,included,covered_if_screened_and_approved,Excluded / Not covered,nibau-travelinsurancesaver-international-screen.pdf
nib,Travel Insurance Saver,Travel Insurance Saver International - Bare Essentials,Bare Essentials Plan,international_single_trip,International; includes publicly available international river cruises and ocean cruises within Australian waters or international waters.,69,Unlimited (expenses must be incurred within 12 months of illness/injury onset),"$2,500","$2,000",Individual item limit $250,Not insured,"$1,000,000","Funeral expenses overseas $15,000 (Accidental death and TPD not insured)",Not insured,6,Chosen excess; Variable excess option available (lower excess = higher premium).,true,included,excluded,included,some_conditions_automatically_included,Excluded / Not covered,nibau-travelinsurancesaver-international-screen.pdf
nib,Travel Insurance Saver,Travel Insurance Saver International - Comprehensive,Comprehensive Plan,international_single_trip,International; includes publicly available international river cruises and ocean cruises within Australian waters or international waters.,,Unlimited (expenses must be incurred within 12 months of illness/injury onset),Chosen limit (per policy),"$12,000","Personal computer/camera/video: $4,000; Smartphone: $1,000; Other individual item: $700","$5,000 per policy (optional additional units available up to $5,000 extra)","$2,500,000","Accidental death $25,000; Total permanent disability $12,500; Funeral expenses overseas $25,000; Accompanying children sub-limit $1,000 per child","$2,000 (max $250 per 24 hrs; minimum 6-hour delay)",6,Chosen excess; Variable excess option available (lower excess = higher premium). An additional excess may apply for any approved specified medical condition(s). No excess applies to certain listed benefits.,true,included,optional_add_on,included,covered_if_screened_and_approved,Excluded / Not covered,nibau-travelinsurancesaver-international-screen.pdf
nib,Travel Insurance Saver,Travel Insurance Saver International - Essentials,Essentials Plan,international_single_trip,International; includes publicly available international river cruises and ocean cruises within Australian waters or international waters.,69,Unlimited (expenses must be incurred within 12 months of illness/injury onset),Chosen limit (per policy),"$5,000",Individual item limit $500,"$2,000 per policy","$1,000,000","Accidental death $10,000; Funeral expenses overseas $15,000","$1,000 (max $250 per 24 hrs; minimum 6-hour delay)",6,Chosen excess; Variable excess option available (lower excess = higher premium).,true,included,excluded,included,some_conditions_automatically_included,Excluded / Not covered,nibau-travelinsurancesaver-international-screen.pdf
onecover,"1Cover","1Cover Already Overseas",Already Overseas,international_single_trip,Worldwide to nominated destinations while already overseas.,69,Unlimited,Chosen Limit (on-trip cancellation only),"$15,000","First item per category: Computers/cameras $3,000; Phones/tablets $1,000; Jewellery $750; All other $750. Subsequent items: $750/$750/$250/$750.","Optional add-on: $5,000 or $10,000 (Rental Vehicle Insurance Excess Pack)","$5,000,000","$25,000","$2,000",6,"An excess per claim applies unless otherwise specified. Selected excess amount may be available at purchase. Double excess applies to Sections 2, 14 and 15 if claim arises directly from winter sports activities when Winter Sports Pack is purchased.",true,optional_add_on,optional_add_on,included,covered_if_screened_and_approved,Excluded (financial collapse not covered),e7c6327e2f0f78cd27677d90ce97e25aa77363b383e94f29b528f213e29b6010_download-pds.pdf
onecover,"1Cover","1Cover Comprehensive",Comprehensive,international_single_trip,Worldwide to nominated destinations. Domestic journeys within Australia covered when destination is >200 km from home or if at least one night of pre-paid accommodation is included.,,Unlimited,Chosen Limit,"$15,000","First item sub-limits per category: Computers/cameras $3,000; Mobile phones/tablets $1,000; Jewellery $750; All other items $750. Subsequent items per category: $750; $750; $250; $750.","Optional add-on: $5,000 or $10,000 (Rental Vehicle Insurance Excess Pack)","$5,000,000","$25,000 (Permanent Disability)","$2,000 (up to $200 after 6 hours, then $200 per additional 24 hours)",6,"An excess per claim applies to any one event unless otherwise specified. You can select the excess amount on certain claims at purchase. A double excess applies to Sections 2, 14 and 15 if a claim arises directly from winter sports activities when the Winter Sports Pack is purchased.",true,optional_add_on,optional_add_on,included,covered_if_screened_and_approved,Excluded (financial collapse not covered),e7c6327e2f0f78cd27677d90ce97e25aa77363b383e94f29b528f213e29b6010_download-pds.pdf
onecover,"1Cover","1Cover Domestic",Domestic,domestic,Australia only. Domestic journeys covered when destination is >200 km from home or if at least one night of pre-paid accommodation is included.,,Not covered,Chosen Limit,"$7,500","First item per category: Computers/cameras $3,000; Phones/tablets $1,000; Jewellery $750; All other $750. Subsequent items: $750/$750/$250/$750.","Included $5,000; optional increase to $10,000 (Rental Vehicle Insurance Excess Pack)","$5,000,000",,"$2,000",6,An excess per claim applies unless otherwise specified. Selected excess amount may be available at purchase. Double excess rule applies only if Winter Sports Pack purchased and claim is within Sections 14 or 15 relating to winter sports.,true,optional_add_on,optional_add_on,included,covered_if_screened_and_approved,Excluded (financial collapse not covered),e7c6327e2f0f78cd27677d90ce97e25aa77363b383e94f29b528f213e29b6010_download-pds.pdf
onecover,"1Cover","1Cover Domestic Frequent Traveller",Domestic Frequent Traveller,domestic,Australia only. Domestic journeys covered when destination is >200 km from home or if at least one night of pre-paid accommodation is included.,69,Not covered,Chosen Limit,"$7,500","First item per category: Computers/cameras $3,000; Phones/tablets $1,000; Jewellery $750; All other $750. Subsequent items: $750/$750/$250/$750.","Included $5,000; optional increase to $10,000 (Rental Vehicle Insurance Excess Pack)","$5,000,000",,"$2,000",6,An excess per claim applies unless otherwise specified. Selected excess amount may be available at purchase. Double excess for certain winter sports claims where Winter Sports Pack purchased (Sections 14/15).,true,optional_add_on,optional_add_on,included,covered_if_screened_and_approved,Excluded (financial collapse not covered),e7c6327e2f0f78cd27677d90ce97e25aa77363b383e94f29b528f213e29b6010_download-pds.pdf
onecover,"1Cover","1Cover Medical Only",Medical Only,international_single_trip,Worldwide to nominated destinations (overseas only).,69,Unlimited,,,,,"$5,000,000",,,,An excess per claim applies unless otherwise specified. Selected excess amount may be available at purchase.,true,excluded,excluded,not_applicable,covered_if_screened_and_approved,Excluded (financial collapse not covered),e7c6327e2f0f78cd27677d90ce97e25aa77363b383e94f29b528f213e29b6010_download-pds.pdf
onecover,"1Cover","1Cover Overseas Frequent Traveller",Overseas Frequent Traveller,international_multi_trip,Worldwide and domestic (within Australia). Domestic journeys covered when destination is >200 km from home or if at least one night of pre-paid accommodation is included.,69,Unlimited,Chosen Limit,"$15,000","First item per category: Computers/cameras $3,000; Phones/tablets $1,000; Jewellery $750; All other $750. Subsequent items: $750/$750/$250/$750.","Optional add-on: $5,000 or $10,000 (Rental Vehicle Insurance Excess Pack)","$5,000,000","$25,000","$2,000",6,"An excess per claim applies unless otherwise specified. Selected excess amount available at purchase. Double excess applies to Sections 2, 14 and 15 if claim arises directly from winter sports activities when Winter Sports Pack is purchased.",true,optional_add_on,optional_add_on,included,covered_if_screened_and_approved,Excluded (financial collapse not covered),e7c6327e2f0f78cd27677d90ce97e25aa77363b383e94f29b528f213e29b6010_download-pds.pdf
scti,Southern Cross Travel Insurance,SCTI Domestic Travel Insurance,,domestic,Australia only (domestic travel within Australia),,Not covered,Unlimited,"$15,000 per person","Unspecified other items and smart watches: $1,500 per item; Unspecified jewellery/traditional watches: $1,500 per item (max $2,500 total for all such items per person); Unspecified phones/laptops/tablets/cameras: $3,000 per item","$6,000 per person","$2,500,000 per person","$25,000 per person",,12,"You can choose whether to have an excess. One excess applies per unexpected event even if multiple sections are claimed. No excess applies to Personal Accident (D.4), Personal Liability (D.5) or Rental Vehicle Excess (D.6).",true,optional_add_on,included,included,covered_if_screened_and_approved,"Excluded (error, default or financial collapse of a service provider not covered)","1a52730b0ff2b2431c4291114718ab6907fa5d3410a0124deb9fb8488700d123_download-domestic-product-disclosure-statement-pds.pdf"
scti,Southern Cross Travel Insurance,SCTI International Comprehensive – Single Trip,International Comprehensive,international_single_trip,International travel to destinations outside Australia selected on the Certificate of Insurance; transit stops under 48 hours automatically included; travel through Australian waters to an international destination may require Cruise cover add-on; no cover for destinations not listed unless transit <48 hours.,,Unlimited (per person),"Chosen limit: Standard $2,500 per person; options to increase to $5,000, $10,000 or Unlimited","$25,000 per person (Section D.4 total)","Unspecified items: jewellery/watches $1,500 each (max $2,500 all per person); mobiles/laptops/tablets/cameras $3,000 each (max $10,000 all per person); other items $1,500 each.","$10,000 per person","$1,000,000 per person","Up to $50,000 per person (ages 16–80): Total Permanent Disablement $50,000; Loss of Life $50,000; Loss of Income up to $500/week (max $6,500)",,,"You can choose an excess (including nil). Only one excess is applied per unexpected event, even if multiple sections are claimed. No excess applies to D.1.5 Funeral expenses or return of mortal remains, D.5 Personal accident, D.6 Personal liability, or D.7 Rental vehicle excess.",true,optional_add_on,optional_add_on,conditionally_included,covered_if_screened_and_approved,"Not covered (error, default, or financial collapse of a service provider)",c9580b4d6c1e326d36d5eafa3f5e49b4ec1d07d5b50a6afcdfb9c919b0f67237_view-international-comprehensive-pds.pdf
scti,Southern Cross Travel Insurance,Southern Cross International Comprehensive Annual Multi-Trip,International Comprehensive,international_multi_trip,International journeys to destinations outside Australia. You must select covered destinations (transit stops under 48 hours automatically included). Medical treatment in Australia not covered unless on an international cruise with Cruise add-on. No cover for cruises staying only in Australian waters.,,Unlimited,"Standard $2,500 per person per journey; optional increase to $5,000, $10,000 or Unlimited","$25,000 per person per journey","$1,500 per item (other unspecified items)","$10,000 per person per journey","$1,000,000 per person per journey","$50,000 per injured/deceased person (ages 16–80)",,,Excess is selectable when you apply (including nil excess option; premium may be higher for nil). One excess applies per unexpected event even if multiple sections are claimed. No excess applies to: D.1.5 Funeral expenses or return of mortal remains; D.5 Personal accident; D.6 Personal liability; D.7 Rental vehicle excess.,true,optional_add_on,optional_add_on,conditionally_included,covered_if_screened_and_approved,Excluded / not covered,"6168d69bad463ac564e86fba70e8a26cc8efb0f68f949415fe275909644bfe2c_product-disclosure-statement-pds.pdf"
tick,Tick Travel Insurance,Tick Cruise Travel Insurance Basic,Basic,cruise,"Cruise itineraries with selectable destination regions: Domestic (Australian territorial waters/international waters with shore excursions on the Australian mainland; no international port stops), Pacific (listed island countries incl. NZ, PNG), Pacific and Domestic (Pacific destinations with docking at an Australian port after departure), Asia (listed countries only), Asia and Domestic (Asia destinations with docking at an Australian port), Worldwide Excluding (worldwide excluding USA/Canada/Mexico/Caribbean/Central & South America and Antarctica), Worldwide Including (worldwide including USA/Canada/Mexico/Caribbean/Central & South America and Antarctica – cruises only). Excludes sanctioned/embargoed countries as listed.",69,Unlimited (outside Australia only; onboard medical/evacuation covered; no medical treatment cover in Australia or when ship is tied up in an Australian port),Nil,"$2,000 (Section E1 total)","$500 per item/pair/set (general items); no cover for laptops, cameras or other valuables under Basic.",,"$1,000,000",Nil (no cover under Section F at this level),,,"$200 standard excess per person, per section, per event. Optional Excess Eliminator available to remove all excesses except any increased medical excesses noted for certain covered activities.",false,included,optional_add_on,optional_add_on,not_available,Excluded (no cover for financial default of providers),d63e3e1099089d93462f7e782953a2ecc040c0f8e7b3864954b2e2eb8d491e44_tick-cruise-travel-insurance-product-disclosure-statement.pdf
tick,Tick Travel Insurance,Tick Cruise Travel Insurance Budget,Budget,cruise,Cruise itineraries with selectable destination regions: Domestic; Pacific; Pacific and Domestic; Asia; Asia and Domestic; Worldwide Excluding; Worldwide Including (cruises only). Excludes sanctioned/embargoed countries as listed.,79,Unlimited (outside Australia only; onboard medical/evacuation covered; no medical treatment cover in Australia or when ship is tied up in an Australian port),"$5,000","$2,500 (Section E1 total)",$500 per item/pair/set (general items),,"$1,000,000",Nil (no cover under Section F at this level),,,"$200 standard excess per person, per section, per event. Optional Excess Eliminator available to remove all excesses except any increased medical excesses noted for certain covered activities.",false,included,optional_add_on,optional_add_on,not_available,Excluded (no cover for financial default of providers),d63e3e1099089d93462f7e782953a2ecc040c0f8e7b3864954b2e2eb8d491e44_tick-cruise-travel-insurance-product-disclosure-statement.pdf
tick,Tick Travel Insurance,Tick Cruise Travel Insurance Standard,Standard,cruise,Cruise itineraries with selectable destination regions: Domestic; Pacific; Pacific and Domestic; Asia; Asia and Domestic; Worldwide Excluding; Worldwide Including (cruises only). Excludes sanctioned/embargoed countries as listed.,79,Unlimited (outside Australia only; onboard medical/evacuation covered; no medical treatment cover in Australia or when ship is tied up in an Australian port),"$10,000","$5,000 (Section E1 total)",$500 per item/pair/set (general items),"$2,000","$1,500,000","Event 1(a) Death (18–65): $10,000; Event 1(b) Death of dependent child/insured <18: $7,500; Event 1(c) All benefits for insured 66+: $7,500; Event 2 Permanent Paraplegia/Quadriplegia: $10,000; Event 3 Permanent total loss of sight: $10,000; Event 4 Permanent loss of use of one or more limbs: $10,000.",D1/D2: Up to $50 per completed 12 hours up to $500,12,"$200 standard excess per person, per section, per event. Optional Excess Eliminator available to remove all excesses except any increased medical excesses noted for certain covered activities.",true,included,optional_add_on,optional_add_on,covered_if_screened_and_approved,Excluded (no cover for financial default of providers),d63e3e1099089d93462f7e782953a2ecc040c0f8e7b3864954b2e2eb8d491e44_tick-cruise-travel-insurance-product-disclosure-statement.pdf
tick,Tick Travel Insurance,Tick Cruise Travel Insurance Top,Top,cruise,Cruise itineraries with selectable destination regions: Domestic; Pacific; Pacific and Domestic; Asia; Asia and Domestic; Worldwide Excluding; Worldwide Including (cruises only). Excludes sanctioned/embargoed countries as listed.,79,Unlimited (outside Australia only; onboard medical/evacuation covered; no medical treatment cover in Australia or when ship is tied up in an Australian port),"$20,000","$7,500 (Section E1 total)",$750 per item/pair/set (general items),"$4,000","$3,000,000","Event 1(a) Death (18–65): $10,000; Event 1(b) Death of dependent child/insured <18: $15,000; Event 1(c) All benefits for insured 66+: $15,000; Event 2 Permanent Paraplegia/Quadriplegia: $25,000; Event 3 Permanent total loss of sight: $25,000; Event 4 Permanent loss of use of one or more limbs: $25,000.","D1/D2: Up to $100 per completed 12 hours up to $1,000",12,"$200 standard excess per person, per section, per event. Optional Excess Eliminator available to remove all excesses except any increased medical excesses noted for certain covered activities.",true,included,optional_add_on,optional_add_on,covered_if_screened_and_approved,Excluded (no cover for financial default of providers),d63e3e1099089d93462f7e782953a2ecc040c0f8e7b3864954b2e2eb8d491e44_tick-cruise-travel-insurance-product-disclosure-statement.pdf
tick,Tick Travel Insurance,Tick Domestic Travel Insurance Basic,Basic,domestic,Australia only; domestic trips within Australia; no cover for travel on commercial cruise ships.,100,Nil (no cover for medical expenses during your trip),"$1,500","$2,000",$500 per item/pair/set,Nil,"$1,000,000",Nil,Nil,12,Standard excess $200 per section per person per event. Optional Excess Eliminator removes all excesses (except increased excesses listed for some activities); shown on policy schedule if purchased.,false,excluded,optional_add_on,optional_add_on,covered_if_screened_and_approved,Not covered (general exclusion for financial default),e077e4744ea27a0f1fd44bb6dc5b46aa9fe9f10446f441b993626c68210f20a6_tick-domestic-travel-insurance-product-disclosure-statement.pdf
tick,Tick Travel Insurance,Tick Domestic Travel Insurance Standard,Standard,domestic,Australia only; domestic trips within Australia; no cover for travel on commercial cruise ships.,100,Nil (no cover for medical expenses during your trip),"$5,000","$3,000",$500 per item/pair/set,"$2,000","$1,500,000","Up to $15,000 (per listed event)",Up to $250 (each completed 12 hours),12,Standard excess $200 per section per person per event. Optional Excess Eliminator removes all excesses (except increased excesses listed for some activities); shown on policy schedule if purchased.,true,excluded,optional_add_on,optional_add_on,covered_if_screened_and_approved,Not covered (general exclusion for financial default),e077e4744ea27a0f1fd44bb6dc5b46aa9fe9f10446f441b993626c68210f20a6_tick-domestic-travel-insurance-product-disclosure-statement.pdf
tick,Tick Travel Insurance,Tick Domestic Travel Insurance Top,Top,domestic,Australia only; domestic trips within Australia; no cover for travel on commercial cruise ships.,100,Nil (no cover for medical expenses during your trip),"$20,000","$7,500",$750 per item/pair/set,"$4,000","$1,500,000","Up to $15,000 (per listed event)","Up to $1,000 (each completed 12 hours)",12,Standard excess $200 per section per person per event. Optional Excess Eliminator removes all excesses (except increased excesses listed for some activities); shown on policy schedule if purchased.,true,excluded,optional_add_on,optional_add_on,covered_if_screened_and_approved,Not covered (general exclusion for financial default),e077e4744ea27a0f1fd44bb6dc5b46aa9fe9f10446f441b993626c68210f20a6_tick-domestic-travel-insurance-product-disclosure-statement.pdf
tick,Tick Travel Insurance,Tick Single-Trip Basic,Basic,international_single_trip,"International destinations offered by region selection: Pacific; Asia; Worldwide Excluding (worldwide excluding USA, Canada, Mexico, Caribbean, Central & South America and Antarctica); Worldwide Including (worldwide including USA, Canada, Mexico, Caribbean, Central & South America). Select the plan for the destination where you will spend the majority of your trip, except where you will spend more than 48 hours in North America or South America, in which case select Worldwide Including. No cover is available for travel on commercial cruise ships and no cover for domestic travel within Australia. Sanctioned/embargoed countries excluded (see list).",69,Unlimited,Nil,"$2,000",$500,Nil,"$1,000,000",Nil,Nil,12,"Standard excess $200 per person, per section, per event. Optional Excess Eliminator upgrade removes all excesses (except increased medical excesses for certain sports in the covered activities table).",false,excluded,optional_add_on,conditionally_included,not_available,Not covered,"5f2419bc8b54ea6add4f8be83dbd2d4a173f9625a62dd5e49ff2e71f0ddf5760_tick-single-trip-travel-insurance-product-disclosure-statement.pdf"
tick,Tick Travel Insurance,Tick Single-Trip Budget,Budget,international_single_trip,"International destinations offered by region selection: Pacific; Asia; Worldwide Excluding (worldwide excluding USA, Canada, Mexico, Caribbean, Central & South America and Antarctica); Worldwide Including (worldwide including USA, Canada, Mexico, Caribbean, Central & South America). Select the plan for the destination where you will spend the majority of your trip, except where you will spend more than 48 hours in North America or South America, in which case select Worldwide Including. No cover is available for travel on commercial cruise ships and no cover for domestic travel within Australia. Sanctioned/embargoed countries excluded (see list).",79,Unlimited,"$5,000","$2,500",$500,Nil,"$1,000,000",Nil,Nil,12,"Standard excess $200 per person, per section, per event. Optional Excess Eliminator upgrade removes all excesses (except increased medical excesses for certain activities).",false,excluded,optional_add_on,conditionally_included,not_available,Not covered,"5f2419bc8b54ea6add4f8be83dbd2d4a173f9625a62dd5e49ff2e71f0ddf5760_tick-single-trip-travel-insurance-product-disclosure-statement.pdf"
tick,Tick Travel Insurance,Tick Single-Trip Standard,Standard,international_single_trip,"International destinations offered by region selection: Pacific; Asia; Worldwide Excluding (worldwide excluding USA, Canada, Mexico, Caribbean, Central & South America and Antarctica); Worldwide Including (worldwide including USA, Canada, Mexico, Caribbean, Central & South America). Select the plan for the destination where you will spend the majority of your trip, except where you will spend more than 48 hours in North America or South America, in which case select Worldwide Including. No cover is available for travel on commercial cruise ships and no cover for domestic travel within Australia. Sanctioned/embargoed countries excluded (see list).",100,Unlimited,"$10,000","$5,000",$500,"$2,000","$1,500,000","$10,000 (key events; see sub-limits)","Up to $50 per 12 hours, up to $500",12,"Standard excess $200 per person, per section, per event. Optional Excess Eliminator upgrade removes all excesses (except increased medical excesses for certain activities).",true,excluded,optional_add_on,conditionally_included,covered_if_screened_and_approved,Not covered,"5f2419bc8b54ea6add4f8be83dbd2d4a173f9625a62dd5e49ff2e71f0ddf5760_tick-single-trip-travel-insurance-product-disclosure-statement.pdf"
tick,Tick Travel Insurance,Tick Single-Trip Top,Top,international_single_trip,"International destinations offered by region selection: Pacific; Asia; Worldwide Excluding (worldwide excluding USA, Canada, Mexico, Caribbean, Central & South America and Antarctica); Worldwide Including (worldwide including USA, Canada, Mexico, Caribbean, Central & South America). Select the plan for the destination where you will spend the majority of your trip, except where you will spend more than 48 hours in North America or South America, in which case select Worldwide Including. No cover is available for travel on commercial cruise ships and no cover for domestic travel within Australia. Sanctioned/embargoed countries excluded (see list).",100,Unlimited,"$20,000","$7,500",$750,"$4,000","$3,000,000","$25,000 (key events; see sub-limits)","Up to $100 per 12 hours, up to $1,000",12,"Standard excess $200 per person, per section, per event. Optional Excess Eliminator upgrade removes all excesses (except increased medical excesses for certain activities).",true,excluded,optional_add_on,conditionally_included,covered_if_screened_and_approved,Not covered,"5f2419bc8b54ea6add4f8be83dbd2d4a173f9625a62dd5e49ff2e71f0ddf5760_tick-single-trip-travel-insurance-product-disclosure-statement.pdf"
